DateTime;Measurement
01/01/2019 00:00;0
01/01/2019 00:15;0
01/01/2019 00:30;0
01/01/2019 00:45;0
01/01/2019 01:00;0
01/01/2019 01:15;0
01/01/2019 01:30;0
01/01/2019 01:45;0
01/01/2019 02:00;0
01/01/2019 02:15;0
01/01/2019 02:30;0
01/01/2019 02:45;0
01/01/2019 03:00;0
01/01/2019 03:15;0
01/01/2019 03:30;0
01/01/2019 03:45;0
01/01/2019 04:00;0
01/01/2019 04:15;0
01/01/2019 04:30;0
01/01/2019 04:45;0
01/01/2019 05:00;0
01/01/2019 05:15;0
01/01/2019 05:30;0
01/01/2019 05:45;0
01/01/2019 06:00;0
01/01/2019 06:15;0
01/01/2019 06:30;0
01/01/2019 06:45;0
01/01/2019 07:00;0
01/01/2019 07:15;0
01/01/2019 07:30;0
01/01/2019 07:45;0
01/01/2019 08:00;0
01/01/2019 08:15;0
01/01/2019 08:30;0
01/01/2019 08:45;0
01/01/2019 09:00;0.65
01/01/2019 09:15;7
01/01/2019 09:30;9.3
01/01/2019 09:45;29.49
01/01/2019 10:00;36.83
01/01/2019 10:15;15.26
01/01/2019 10:30;50.63
01/01/2019 10:45;83.56
01/01/2019 11:00;104.57
01/01/2019 11:15;122.98
01/01/2019 11:30;139.05
01/01/2019 11:45;142.69
01/01/2019 12:00;143.93
01/01/2019 12:15;153.43
01/01/2019 12:30;145.74
01/01/2019 12:45;156.98
01/01/2019 13:00;149.42
01/01/2019 13:15;107.29
01/01/2019 13:30;94.57
01/01/2019 13:45;87.94
01/01/2019 14:00;82.66
01/01/2019 14:15;71.18
01/01/2019 14:30;64.61
01/01/2019 14:45;67.75
01/01/2019 15:00;68.9
01/01/2019 15:15;58.5
01/01/2019 15:30;56.29
01/01/2019 15:45;36.95
01/01/2019 16:00;25.64
01/01/2019 16:15;12.23
01/01/2019 16:30;1.21
01/01/2019 16:45;0
01/01/2019 17:00;0
01/01/2019 17:15;0
01/01/2019 17:30;0
01/01/2019 17:45;0
01/01/2019 18:00;0
01/01/2019 18:15;0
01/01/2019 18:30;0
01/01/2019 18:45;0
01/01/2019 19:00;0
01/01/2019 19:15;0
01/01/2019 19:30;0
01/01/2019 19:45;0
01/01/2019 20:00;0
01/01/2019 20:15;0
01/01/2019 20:30;0
01/01/2019 20:45;0
01/01/2019 21:00;0
01/01/2019 21:15;0
01/01/2019 21:30;0
01/01/2019 21:45;0
01/01/2019 22:00;0
01/01/2019 22:15;0
01/01/2019 22:30;0
01/01/2019 22:45;0
01/01/2019 23:00;0
01/01/2019 23:15;0
01/01/2019 23:30;0
01/01/2019 23:45;0
02/01/2019 00:00;0
02/01/2019 00:15;0
02/01/2019 00:30;0
02/01/2019 00:45;0
02/01/2019 01:00;0
02/01/2019 01:15;0
02/01/2019 01:30;0
02/01/2019 01:45;0
02/01/2019 02:00;0
02/01/2019 02:15;0
02/01/2019 02:30;0
02/01/2019 02:45;0
02/01/2019 03:00;0
02/01/2019 03:15;0
02/01/2019 03:30;0
02/01/2019 03:45;0
02/01/2019 04:00;0
02/01/2019 04:15;0
02/01/2019 04:30;0
02/01/2019 04:45;0
02/01/2019 05:00;0
02/01/2019 05:15;0
02/01/2019 05:30;0
02/01/2019 05:45;0
02/01/2019 06:00;0
02/01/2019 06:15;0
02/01/2019 06:30;0
02/01/2019 06:45;0
02/01/2019 07:00;0
02/01/2019 07:15;0
02/01/2019 07:30;0
02/01/2019 07:45;0
02/01/2019 08:00;0
02/01/2019 08:15;0
02/01/2019 08:30;0.07
02/01/2019 08:45;5.53
02/01/2019 09:00;20.82
02/01/2019 09:15;36.83
02/01/2019 09:30;56.86
02/01/2019 09:45;91.49
02/01/2019 10:00;115.74
02/01/2019 10:15;149.7
02/01/2019 10:30;197.88
02/01/2019 10:45;254.81
02/01/2019 11:00;264.49
02/01/2019 11:15;356.23
02/01/2019 11:30;303.18
02/01/2019 11:45;322.58
02/01/2019 12:00;399.83
02/01/2019 12:15;378.6
02/01/2019 12:30;339.25
02/01/2019 12:45;419.49
02/01/2019 13:00;310.1
02/01/2019 13:15;319.67
02/01/2019 13:30;276.84
02/01/2019 13:45;254.01
02/01/2019 14:00;377.09
02/01/2019 14:15;297.36
02/01/2019 14:30;249.17
02/01/2019 14:45;248.21
02/01/2019 15:00;196.44
02/01/2019 15:15;159.83
02/01/2019 15:30;130.69
02/01/2019 15:45;81.99
02/01/2019 16:00;49.77
02/01/2019 16:15;20.98
02/01/2019 16:30;5.55
02/01/2019 16:45;0.08
02/01/2019 17:00;0
02/01/2019 17:15;0
02/01/2019 17:30;0
02/01/2019 17:45;0
02/01/2019 18:00;0
02/01/2019 18:15;0
02/01/2019 18:30;0
02/01/2019 18:45;0
02/01/2019 19:00;0
02/01/2019 19:15;0
02/01/2019 19:30;0
02/01/2019 19:45;0
02/01/2019 20:00;0
02/01/2019 20:15;0
02/01/2019 20:30;0
02/01/2019 20:45;0
02/01/2019 21:00;0
02/01/2019 21:15;0
02/01/2019 21:30;0
02/01/2019 21:45;0
02/01/2019 22:00;0
02/01/2019 22:15;0
02/01/2019 22:30;0
02/01/2019 22:45;0
02/01/2019 23:00;0
02/01/2019 23:15;0
02/01/2019 23:30;0
02/01/2019 23:45;0
03/01/2019 00:00;0
03/01/2019 00:15;0
03/01/2019 00:30;0
03/01/2019 00:45;0
03/01/2019 01:00;0
03/01/2019 01:15;0
03/01/2019 01:30;0
03/01/2019 01:45;0
03/01/2019 02:00;0
03/01/2019 02:15;0
03/01/2019 02:30;0
03/01/2019 02:45;0
03/01/2019 03:00;0
03/01/2019 03:15;0
03/01/2019 03:30;0
03/01/2019 03:45;0
03/01/2019 04:00;0
03/01/2019 04:15;0
03/01/2019 04:30;0
03/01/2019 04:45;0
03/01/2019 05:00;0
03/01/2019 05:15;0
03/01/2019 05:30;0
03/01/2019 05:45;0
03/01/2019 06:00;0
03/01/2019 06:15;0
03/01/2019 06:30;0
03/01/2019 06:45;0
03/01/2019 07:00;0
03/01/2019 07:15;0
03/01/2019 07:30;0
03/01/2019 07:45;0
03/01/2019 08:00;0
03/01/2019 08:15;0
03/01/2019 08:30;0
03/01/2019 08:45;0.55
03/01/2019 09:00;6.01
03/01/2019 09:15;19.94
03/01/2019 09:30;70.45
03/01/2019 09:45;94.64
03/01/2019 10:00;124.42
03/01/2019 10:15;165.64
03/01/2019 10:30;197.92
03/01/2019 10:45;243.73
03/01/2019 11:00;252.21
03/01/2019 11:15;276.83
03/01/2019 11:30;318.82
03/01/2019 11:45;331.3
03/01/2019 12:00;344.86
03/01/2019 12:15;360.79
03/01/2019 12:30;361.95
03/01/2019 12:45;369.48
03/01/2019 13:00;403.33
03/01/2019 13:15;397.14
03/01/2019 13:30;405.15
03/01/2019 13:45;359.97
03/01/2019 14:00;381.9
03/01/2019 14:15;305.86
03/01/2019 14:30;282.34
03/01/2019 14:45;273.84
03/01/2019 15:00;233.24
03/01/2019 15:15;198
03/01/2019 15:30;123.09
03/01/2019 15:45;92.75
03/01/2019 16:00;70.32
03/01/2019 16:15;20.08
03/01/2019 16:30;5.08
03/01/2019 16:45;0.68
03/01/2019 17:00;0
03/01/2019 17:15;0
03/01/2019 17:30;0
03/01/2019 17:45;0
03/01/2019 18:00;0
03/01/2019 18:15;0
03/01/2019 18:30;0
03/01/2019 18:45;0
03/01/2019 19:00;0
03/01/2019 19:15;0
03/01/2019 19:30;0
03/01/2019 19:45;0
03/01/2019 20:00;0
03/01/2019 20:15;0
03/01/2019 20:30;0
03/01/2019 20:45;0
03/01/2019 21:00;0
03/01/2019 21:15;0
03/01/2019 21:30;0
03/01/2019 21:45;0
03/01/2019 22:00;0
03/01/2019 22:15;0
03/01/2019 22:30;0
03/01/2019 22:45;0
03/01/2019 23:00;0
03/01/2019 23:15;0
03/01/2019 23:30;0
03/01/2019 23:45;0
04/01/2019 00:00;0
04/01/2019 00:15;0
04/01/2019 00:30;0
04/01/2019 00:45;0
04/01/2019 01:00;0
04/01/2019 01:15;0
04/01/2019 01:30;0
04/01/2019 01:45;0
04/01/2019 02:00;0
04/01/2019 02:15;0
04/01/2019 02:30;0
04/01/2019 02:45;0
04/01/2019 03:00;0
04/01/2019 03:15;0
04/01/2019 03:30;0
04/01/2019 03:45;0
04/01/2019 04:00;0
04/01/2019 04:15;0
04/01/2019 04:30;0
04/01/2019 04:45;0
04/01/2019 05:00;0
04/01/2019 05:15;0
04/01/2019 05:30;0
04/01/2019 05:45;0
04/01/2019 06:00;0
04/01/2019 06:15;0
04/01/2019 06:30;0
04/01/2019 06:45;0
04/01/2019 07:00;0
04/01/2019 07:15;0
04/01/2019 07:30;0
04/01/2019 07:45;0
04/01/2019 08:00;0
04/01/2019 08:15;0
04/01/2019 08:30;0
04/01/2019 08:45;0.22
04/01/2019 09:00;15.83
04/01/2019 09:15;43.48
04/01/2019 09:30;68.12
04/01/2019 09:45;92.48
04/01/2019 10:00;113.24
04/01/2019 10:15;150.12
04/01/2019 10:30;182.88
04/01/2019 10:45;205.27
04/01/2019 11:00;230.31
04/01/2019 11:15;221.38
04/01/2019 11:30;221.14
04/01/2019 11:45;207.94
04/01/2019 12:00;166.9
04/01/2019 12:15;152.62
04/01/2019 12:30;188.23
04/01/2019 12:45;117.04
04/01/2019 13:00;109.63
04/01/2019 13:15;101.48
04/01/2019 13:30;120.87
04/01/2019 13:45;130.89
04/01/2019 14:00;122.67
04/01/2019 14:15;113.01
04/01/2019 14:30;104.12
04/01/2019 14:45;80.01
04/01/2019 15:00;68.43
04/01/2019 15:15;55.51
04/01/2019 15:30;44.14
04/01/2019 15:45;30.9
04/01/2019 16:00;21.6
04/01/2019 16:15;10.01
04/01/2019 16:30;3.88
04/01/2019 16:45;0.25
04/01/2019 17:00;0
04/01/2019 17:15;0
04/01/2019 17:30;0
04/01/2019 17:45;0
04/01/2019 18:00;0
04/01/2019 18:15;0
04/01/2019 18:30;0
04/01/2019 18:45;0
04/01/2019 19:00;0
04/01/2019 19:15;0
04/01/2019 19:30;0
04/01/2019 19:45;0
04/01/2019 20:00;0
04/01/2019 20:15;0
04/01/2019 20:30;0
04/01/2019 20:45;0
04/01/2019 21:00;0
04/01/2019 21:15;0
04/01/2019 21:30;0
04/01/2019 21:45;0
04/01/2019 22:00;0
04/01/2019 22:15;0
04/01/2019 22:30;0
04/01/2019 22:45;0
04/01/2019 23:00;0
04/01/2019 23:15;0
04/01/2019 23:30;0
04/01/2019 23:45;0
05/01/2019 00:00;0
05/01/2019 00:15;0
05/01/2019 00:30;0
05/01/2019 00:45;0
05/01/2019 01:00;0
05/01/2019 01:15;0
05/01/2019 01:30;0
05/01/2019 01:45;0
05/01/2019 02:00;0
05/01/2019 02:15;0
05/01/2019 02:30;0
05/01/2019 02:45;0
05/01/2019 03:00;0
05/01/2019 03:15;0
05/01/2019 03:30;0
05/01/2019 03:45;0
05/01/2019 04:00;0
05/01/2019 04:15;0
05/01/2019 04:30;0
05/01/2019 04:45;0
05/01/2019 05:00;0
05/01/2019 05:15;0
05/01/2019 05:30;0
05/01/2019 05:45;0
05/01/2019 06:00;0
05/01/2019 06:15;0
05/01/2019 06:30;0
05/01/2019 06:45;0
05/01/2019 07:00;0
05/01/2019 07:15;0
05/01/2019 07:30;0
05/01/2019 07:45;0
05/01/2019 08:00;0
05/01/2019 08:15;0
05/01/2019 08:30;0
05/01/2019 08:45;2.42
05/01/2019 09:00;7.95
05/01/2019 09:15;16.23
05/01/2019 09:30;25.23
05/01/2019 09:45;37.69
05/01/2019 10:00;50.62
05/01/2019 10:15;60.27
05/01/2019 10:30;66.59
05/01/2019 10:45;69.24
05/01/2019 11:00;70.06
05/01/2019 11:15;69.93
05/01/2019 11:30;71.84
05/01/2019 11:45;75.16
05/01/2019 12:00;75.86
05/01/2019 12:15;90.34
05/01/2019 12:30;97.88
05/01/2019 12:45;80.06
05/01/2019 13:00;77.08
05/01/2019 13:15;78.11
05/01/2019 13:30;88.42
05/01/2019 13:45;103.76
05/01/2019 14:00;65.9
05/01/2019 14:15;66.74
05/01/2019 14:30;57.41
05/01/2019 14:45;44.3
05/01/2019 15:00;36.51
05/01/2019 15:15;28.13
05/01/2019 15:30;16.91
05/01/2019 15:45;8.35
05/01/2019 16:00;4.24
05/01/2019 16:15;15.35
05/01/2019 16:30;0.04
05/01/2019 16:45;0
05/01/2019 17:00;0
05/01/2019 17:15;0
05/01/2019 17:30;0
05/01/2019 17:45;0
05/01/2019 18:00;0
05/01/2019 18:15;0
05/01/2019 18:30;0
05/01/2019 18:45;0
05/01/2019 19:00;0
05/01/2019 19:15;0
05/01/2019 19:30;0
05/01/2019 19:45;0
05/01/2019 20:00;0
05/01/2019 20:15;0
05/01/2019 20:30;0
05/01/2019 20:45;0
05/01/2019 21:00;0
05/01/2019 21:15;0
05/01/2019 21:30;0
05/01/2019 21:45;0
05/01/2019 22:00;0
05/01/2019 22:15;0
05/01/2019 22:30;0
05/01/2019 22:45;0
05/01/2019 23:00;0
05/01/2019 23:15;0
05/01/2019 23:30;0
05/01/2019 23:45;0
06/01/2019 00:00;0
06/01/2019 00:15;0
06/01/2019 00:30;0
06/01/2019 00:45;0
06/01/2019 01:00;0
06/01/2019 01:15;0
06/01/2019 01:30;0
06/01/2019 01:45;0
06/01/2019 02:00;0
06/01/2019 02:15;0
06/01/2019 02:30;0
06/01/2019 02:45;0
06/01/2019 03:00;0
06/01/2019 03:15;0
06/01/2019 03:30;0
06/01/2019 03:45;0
06/01/2019 04:00;0
06/01/2019 04:15;0
06/01/2019 04:30;0
06/01/2019 04:45;0
06/01/2019 05:00;0
06/01/2019 05:15;0
06/01/2019 05:30;0
06/01/2019 05:45;0
06/01/2019 06:00;0
06/01/2019 06:15;0
06/01/2019 06:30;0
06/01/2019 06:45;0
06/01/2019 07:00;0
06/01/2019 07:15;0
06/01/2019 07:30;0
06/01/2019 07:45;0
06/01/2019 08:00;0
06/01/2019 08:15;0
06/01/2019 08:30;0
06/01/2019 08:45;0.05
06/01/2019 09:00;3.88
06/01/2019 09:15;16.8
06/01/2019 09:30;24.69
06/01/2019 09:45;48.3
06/01/2019 10:00;57.04
06/01/2019 10:15;63.49
06/01/2019 10:30;75.84
06/01/2019 10:45;92.76
06/01/2019 11:00;119.67
06/01/2019 11:15;118.56
06/01/2019 11:30;122.49
06/01/2019 11:45;137.78
06/01/2019 12:00;146.42
06/01/2019 12:15;86.98
06/01/2019 12:30;116.94
06/01/2019 12:45;130.99
06/01/2019 13:00;134.1
06/01/2019 13:15;127.04
06/01/2019 13:30;124.12
06/01/2019 13:45;116.83
06/01/2019 14:00;102.66
06/01/2019 14:15;101.54
06/01/2019 14:30;88.13
06/01/2019 14:45;75.58
06/01/2019 15:00;64.97
06/01/2019 15:15;48.44
06/01/2019 15:30;43.87
06/01/2019 15:45;29.52
06/01/2019 16:00;18.58
06/01/2019 16:15;9.7
06/01/2019 16:30;2.41
06/01/2019 16:45;3.3
06/01/2019 17:00;0
06/01/2019 17:15;0
06/01/2019 17:30;0
06/01/2019 17:45;0
06/01/2019 18:00;0
06/01/2019 18:15;0
06/01/2019 18:30;0
06/01/2019 18:45;0
06/01/2019 19:00;0
06/01/2019 19:15;0
06/01/2019 19:30;0
06/01/2019 19:45;0
06/01/2019 20:00;0
06/01/2019 20:15;0
06/01/2019 20:30;0
06/01/2019 20:45;0
06/01/2019 21:00;0
06/01/2019 21:15;0
06/01/2019 21:30;0
06/01/2019 21:45;0
06/01/2019 22:00;0
06/01/2019 22:15;0
06/01/2019 22:30;0
06/01/2019 22:45;0
06/01/2019 23:00;0
06/01/2019 23:15;0
06/01/2019 23:30;0
06/01/2019 23:45;0
07/01/2019 00:00;0
07/01/2019 00:15;0
07/01/2019 00:30;0
07/01/2019 00:45;0
07/01/2019 01:00;0
07/01/2019 01:15;0
07/01/2019 01:30;0
07/01/2019 01:45;0
07/01/2019 02:00;0
07/01/2019 02:15;0
07/01/2019 02:30;0
07/01/2019 02:45;0
07/01/2019 03:00;0
07/01/2019 03:15;0
07/01/2019 03:30;0
07/01/2019 03:45;0
07/01/2019 04:00;0
07/01/2019 04:15;0
07/01/2019 04:30;0
07/01/2019 04:45;0
07/01/2019 05:00;0
07/01/2019 05:15;0
07/01/2019 05:30;0
07/01/2019 05:45;0
07/01/2019 06:00;0
07/01/2019 06:15;0
07/01/2019 06:30;0
07/01/2019 06:45;0
07/01/2019 07:00;0
07/01/2019 07:15;0
07/01/2019 07:30;0
07/01/2019 07:45;0
07/01/2019 08:00;0
07/01/2019 08:15;0
07/01/2019 08:30;0.08
07/01/2019 08:45;2.87
07/01/2019 09:00;8.37
07/01/2019 09:15;19.39
07/01/2019 09:30;33.46
07/01/2019 09:45;50.57
07/01/2019 10:00;69.54
07/01/2019 10:15;88.63
07/01/2019 10:30;92.69
07/01/2019 10:45;106.35
07/01/2019 11:00;114.9
07/01/2019 11:15;118.53
07/01/2019 11:30;141.37
07/01/2019 11:45;142.79
07/01/2019 12:00;134.23
07/01/2019 12:15;143.44
07/01/2019 12:30;163.44
07/01/2019 12:45;182.22
07/01/2019 13:00;184.1
07/01/2019 13:15;182.34
07/01/2019 13:30;172.28
07/01/2019 13:45;183.4
07/01/2019 14:00;169.5
07/01/2019 14:15;126.65
07/01/2019 14:30;97.09
07/01/2019 14:45;81.01
07/01/2019 15:00;49.86
07/01/2019 15:15;74.51
07/01/2019 15:30;26.32
07/01/2019 15:45;15.41
07/01/2019 16:00;13.7
07/01/2019 16:15;0.73
07/01/2019 16:30;0
07/01/2019 16:45;0.55
07/01/2019 17:00;0
07/01/2019 17:15;0
07/01/2019 17:30;0
07/01/2019 17:45;0
07/01/2019 18:00;0
07/01/2019 18:15;0
07/01/2019 18:30;0
07/01/2019 18:45;0
07/01/2019 19:00;0
07/01/2019 19:15;0
07/01/2019 19:30;0
07/01/2019 19:45;0
07/01/2019 20:00;0
07/01/2019 20:15;0
07/01/2019 20:30;0
07/01/2019 20:45;0
07/01/2019 21:00;0
07/01/2019 21:15;0
07/01/2019 21:30;0
07/01/2019 21:45;0
07/01/2019 22:00;0
07/01/2019 22:15;0
07/01/2019 22:30;0
07/01/2019 22:45;0
07/01/2019 23:00;0
07/01/2019 23:15;0
07/01/2019 23:30;0
07/01/2019 23:45;0
08/01/2019 00:00;0
08/01/2019 00:15;0
08/01/2019 00:30;0
08/01/2019 00:45;0
08/01/2019 01:00;0
08/01/2019 01:15;0
08/01/2019 01:30;0
08/01/2019 01:45;0
08/01/2019 02:00;0
08/01/2019 02:15;0
08/01/2019 02:30;0
08/01/2019 02:45;0
08/01/2019 03:00;0
08/01/2019 03:15;0
08/01/2019 03:30;0
08/01/2019 03:45;0
08/01/2019 04:00;0
08/01/2019 04:15;0
08/01/2019 04:30;0
08/01/2019 04:45;0
08/01/2019 05:00;0
08/01/2019 05:15;0
08/01/2019 05:30;0
08/01/2019 05:45;0
08/01/2019 06:00;0
08/01/2019 06:15;0
08/01/2019 06:30;0
08/01/2019 06:45;0
08/01/2019 07:00;0
08/01/2019 07:15;0
08/01/2019 07:30;0
08/01/2019 07:45;0
08/01/2019 08:00;0
08/01/2019 08:15;0
08/01/2019 08:30;0
08/01/2019 08:45;0.17
08/01/2019 09:00;14.67
08/01/2019 09:15;39.24
08/01/2019 09:30;86.03
08/01/2019 09:45;123.79
08/01/2019 10:00;164.95
08/01/2019 10:15;374.95
08/01/2019 10:30;162.47
08/01/2019 10:45;184.5
08/01/2019 11:00;271.86
08/01/2019 11:15;341.28
08/01/2019 11:30;388.52
08/01/2019 11:45;399.64
08/01/2019 12:00;466.97
08/01/2019 12:15;413.88
08/01/2019 12:30;384.5
08/01/2019 12:45;398.43
08/01/2019 13:00;421.45
08/01/2019 13:15;423.37
08/01/2019 13:30;339.07
08/01/2019 13:45;286.62
08/01/2019 14:00;301.55
08/01/2019 14:15;319.44
08/01/2019 14:30;294.9
08/01/2019 14:45;222.04
08/01/2019 15:00;185.12
08/01/2019 15:15;166.33
08/01/2019 15:30;141.31
08/01/2019 15:45;87.01
08/01/2019 16:00;65.8
08/01/2019 16:15;39.6
08/01/2019 16:30;16.6
08/01/2019 16:45;1.4
08/01/2019 17:00;0
08/01/2019 17:15;0
08/01/2019 17:30;0
08/01/2019 17:45;0
08/01/2019 18:00;0
08/01/2019 18:15;0
08/01/2019 18:30;0
08/01/2019 18:45;0
08/01/2019 19:00;0
08/01/2019 19:15;0
08/01/2019 19:30;0
08/01/2019 19:45;0
08/01/2019 20:00;0
08/01/2019 20:15;0
08/01/2019 20:30;0
08/01/2019 20:45;0
08/01/2019 21:00;0
08/01/2019 21:15;0
08/01/2019 21:30;0
08/01/2019 21:45;0
08/01/2019 22:00;0
08/01/2019 22:15;0
08/01/2019 22:30;0
08/01/2019 22:45;0
08/01/2019 23:00;0
08/01/2019 23:15;0
08/01/2019 23:30;0
08/01/2019 23:45;0
09/01/2019 00:00;0
09/01/2019 00:15;0
09/01/2019 00:30;0
09/01/2019 00:45;0
09/01/2019 01:00;0
09/01/2019 01:15;0
09/01/2019 01:30;0
09/01/2019 01:45;0
09/01/2019 02:00;0
09/01/2019 02:15;0
09/01/2019 02:30;0
09/01/2019 02:45;0
09/01/2019 03:00;0
09/01/2019 03:15;0
09/01/2019 03:30;0
09/01/2019 03:45;0
09/01/2019 04:00;0
09/01/2019 04:15;0
09/01/2019 04:30;0
09/01/2019 04:45;0
09/01/2019 05:00;0
09/01/2019 05:15;0
09/01/2019 05:30;0
09/01/2019 05:45;0
09/01/2019 06:00;0
09/01/2019 06:15;0
09/01/2019 06:30;0
09/01/2019 06:45;0
09/01/2019 07:00;0
09/01/2019 07:15;0
09/01/2019 07:30;0
09/01/2019 07:45;0
09/01/2019 08:00;0
09/01/2019 08:15;0
09/01/2019 08:30;0.22
09/01/2019 08:45;9.98
09/01/2019 09:00;42.59
09/01/2019 09:15;95.04
09/01/2019 09:30;83.26
09/01/2019 09:45;128.34
09/01/2019 10:00;188.82
09/01/2019 10:15;229.11
09/01/2019 10:30;297.31
09/01/2019 10:45;370.49
09/01/2019 11:00;489.37
09/01/2019 11:15;567.24
09/01/2019 11:30;627.48
09/01/2019 11:45;623.37
09/01/2019 12:00;693.52
09/01/2019 12:15;711.7
09/01/2019 12:30;786.94
09/01/2019 12:45;764.07
09/01/2019 13:00;765.31
09/01/2019 13:15;735.65
09/01/2019 13:30;694.46
09/01/2019 13:45;708.15
09/01/2019 14:00;615.86
09/01/2019 14:15;547.88
09/01/2019 14:30;534.96
09/01/2019 14:45;418.01
09/01/2019 15:00;370.53
09/01/2019 15:15;292.71
09/01/2019 15:30;240.08
09/01/2019 15:45;184.98
09/01/2019 16:00;144.31
09/01/2019 16:15;70.93
09/01/2019 16:30;22.83
09/01/2019 16:45;3.11
09/01/2019 17:00;0
09/01/2019 17:15;0
09/01/2019 17:30;0
09/01/2019 17:45;0
09/01/2019 18:00;0
09/01/2019 18:15;0
09/01/2019 18:30;0
09/01/2019 18:45;0
09/01/2019 19:00;0
09/01/2019 19:15;0
09/01/2019 19:30;0
09/01/2019 19:45;0
09/01/2019 20:00;0
09/01/2019 20:15;0
09/01/2019 20:30;0
09/01/2019 20:45;0
09/01/2019 21:00;0
09/01/2019 21:15;0
09/01/2019 21:30;0
09/01/2019 21:45;0
09/01/2019 22:00;0
09/01/2019 22:15;0
09/01/2019 22:30;0
09/01/2019 22:45;0
09/01/2019 23:00;0
09/01/2019 23:15;0
09/01/2019 23:30;0
09/01/2019 23:45;0
10/01/2019 00:00;0
10/01/2019 00:15;0
10/01/2019 00:30;0
10/01/2019 00:45;0
10/01/2019 01:00;0
10/01/2019 01:15;0
10/01/2019 01:30;0
10/01/2019 01:45;0
10/01/2019 02:00;0
10/01/2019 02:15;0
10/01/2019 02:30;0
10/01/2019 02:45;0
10/01/2019 03:00;0
10/01/2019 03:15;0
10/01/2019 03:30;0
10/01/2019 03:45;0
10/01/2019 04:00;0
10/01/2019 04:15;0
10/01/2019 04:30;0
10/01/2019 04:45;0
10/01/2019 05:00;0
10/01/2019 05:15;0
10/01/2019 05:30;0
10/01/2019 05:45;0
10/01/2019 06:00;0
10/01/2019 06:15;0
10/01/2019 06:30;0
10/01/2019 06:45;0
10/01/2019 07:00;0
10/01/2019 07:15;0
10/01/2019 07:30;0
10/01/2019 07:45;0
10/01/2019 08:00;0
10/01/2019 08:15;0
10/01/2019 08:30;0.24
10/01/2019 08:45;6.22
10/01/2019 09:00;18.08
10/01/2019 09:15;39.91
10/01/2019 09:30;62.32
10/01/2019 09:45;83.43
10/01/2019 10:00;106.78
10/01/2019 10:15;128.52
10/01/2019 10:30;151.72
10/01/2019 10:45;165.89
10/01/2019 11:00;153.99
10/01/2019 11:15;181.25
10/01/2019 11:30;188.3
10/01/2019 11:45;204.12
10/01/2019 12:00;225.68
10/01/2019 12:15;240.48
10/01/2019 12:30;245.71
10/01/2019 12:45;277.19
10/01/2019 13:00;269.72
10/01/2019 13:15;285.49
10/01/2019 13:30;277.3
10/01/2019 13:45;247.76
10/01/2019 14:00;208.79
10/01/2019 14:15;198.24
10/01/2019 14:30;171.7
10/01/2019 14:45;135.49
10/01/2019 15:00;135.1
10/01/2019 15:15;78.27
10/01/2019 15:30;82.65
10/01/2019 15:45;68.13
10/01/2019 16:00;42.24
10/01/2019 16:15;26.2
10/01/2019 16:30;10.02
10/01/2019 16:45;1.37
10/01/2019 17:00;0
10/01/2019 17:15;0
10/01/2019 17:30;0
10/01/2019 17:45;0
10/01/2019 18:00;0
10/01/2019 18:15;0
10/01/2019 18:30;0
10/01/2019 18:45;0
10/01/2019 19:00;0
10/01/2019 19:15;0
10/01/2019 19:30;0
10/01/2019 19:45;0
10/01/2019 20:00;0
10/01/2019 20:15;0
10/01/2019 20:30;0
10/01/2019 20:45;0
10/01/2019 21:00;0
10/01/2019 21:15;0
10/01/2019 21:30;0
10/01/2019 21:45;0
10/01/2019 22:00;0
10/01/2019 22:15;0
10/01/2019 22:30;0
10/01/2019 22:45;0
10/01/2019 23:00;0
10/01/2019 23:15;0
10/01/2019 23:30;0
10/01/2019 23:45;0
11/01/2019 00:00;0
11/01/2019 00:15;0
11/01/2019 00:30;0
11/01/2019 00:45;0
11/01/2019 01:00;0
11/01/2019 01:15;0
11/01/2019 01:30;0
11/01/2019 01:45;0
11/01/2019 02:00;0
11/01/2019 02:15;0
11/01/2019 02:30;0
11/01/2019 02:45;0
11/01/2019 03:00;0
11/01/2019 03:15;0
11/01/2019 03:30;0
11/01/2019 03:45;0
11/01/2019 04:00;0
11/01/2019 04:15;0
11/01/2019 04:30;0
11/01/2019 04:45;0
11/01/2019 05:00;0
11/01/2019 05:15;0
11/01/2019 05:30;0
11/01/2019 05:45;0
11/01/2019 06:00;0
11/01/2019 06:15;0
11/01/2019 06:30;0
11/01/2019 06:45;0
11/01/2019 07:00;0
11/01/2019 07:15;0
11/01/2019 07:30;0
11/01/2019 07:45;0
11/01/2019 08:00;0
11/01/2019 08:15;0
11/01/2019 08:30;0
11/01/2019 08:45;0.05
11/01/2019 09:00;5.51
11/01/2019 09:15;23.97
11/01/2019 09:30;77.05
11/01/2019 09:45;71.36
11/01/2019 10:00;72.41
11/01/2019 10:15;145.29
11/01/2019 10:30;169.51
11/01/2019 10:45;234
11/01/2019 11:00;235.27
11/01/2019 11:15;270.1
11/01/2019 11:30;239.12
11/01/2019 11:45;260.74
11/01/2019 12:00;226.82
11/01/2019 12:15;233.77
11/01/2019 12:30;238.31
11/01/2019 12:45;233.05
11/01/2019 13:00;218.2
11/01/2019 13:15;207.3
11/01/2019 13:30;210.26
11/01/2019 13:45;213.12
11/01/2019 14:00;184.44
11/01/2019 14:15;151.48
11/01/2019 14:30;146.15
11/01/2019 14:45;154.45
11/01/2019 15:00;149.87
11/01/2019 15:15;123.48
11/01/2019 15:30;117.93
11/01/2019 15:45;85.76
11/01/2019 16:00;61.19
11/01/2019 16:15;48.66
11/01/2019 16:30;27.22
11/01/2019 16:45;2.95
11/01/2019 17:00;0
11/01/2019 17:15;0
11/01/2019 17:30;0
11/01/2019 17:45;0
11/01/2019 18:00;0
11/01/2019 18:15;0
11/01/2019 18:30;0
11/01/2019 18:45;0
11/01/2019 19:00;0
11/01/2019 19:15;0
11/01/2019 19:30;0
11/01/2019 19:45;0
11/01/2019 20:00;0
11/01/2019 20:15;0
11/01/2019 20:30;0
11/01/2019 20:45;0
11/01/2019 21:00;0
11/01/2019 21:15;0
11/01/2019 21:30;0
11/01/2019 21:45;0
11/01/2019 22:00;0
11/01/2019 22:15;0
11/01/2019 22:30;0
11/01/2019 22:45;0
11/01/2019 23:00;0
11/01/2019 23:15;0
11/01/2019 23:30;0
11/01/2019 23:45;0
12/01/2019 00:00;0
12/01/2019 00:15;0
12/01/2019 00:30;0
12/01/2019 00:45;0
12/01/2019 01:00;0
12/01/2019 01:15;0
12/01/2019 01:30;0
12/01/2019 01:45;0
12/01/2019 02:00;0
12/01/2019 02:15;0
12/01/2019 02:30;0
12/01/2019 02:45;0
12/01/2019 03:00;0
12/01/2019 03:15;0
12/01/2019 03:30;0
12/01/2019 03:45;0
12/01/2019 04:00;0
12/01/2019 04:15;0
12/01/2019 04:30;0
12/01/2019 04:45;0
12/01/2019 05:00;0
12/01/2019 05:15;0
12/01/2019 05:30;0
12/01/2019 05:45;0
12/01/2019 06:00;0
12/01/2019 06:15;0
12/01/2019 06:30;0
12/01/2019 06:45;0
12/01/2019 07:00;0
12/01/2019 07:15;0
12/01/2019 07:30;0
12/01/2019 07:45;0
12/01/2019 08:00;0
12/01/2019 08:15;0
12/01/2019 08:30;0.17
12/01/2019 08:45;2.87
12/01/2019 09:00;6.56
12/01/2019 09:15;39.05
12/01/2019 09:30;59.12
12/01/2019 09:45;68.45
12/01/2019 10:00;88.3
12/01/2019 10:15;111.72
12/01/2019 10:30;124.85
12/01/2019 10:45;102.33
12/01/2019 11:00;124.05
12/01/2019 11:15;122.73
12/01/2019 11:30;166.14
12/01/2019 11:45;106.23
12/01/2019 12:00;110.65
12/01/2019 12:15;120.45
12/01/2019 12:30;138.17
12/01/2019 12:45;90.07
12/01/2019 13:00;62.94
12/01/2019 13:15;43.2
12/01/2019 13:30;36.8
12/01/2019 13:45;60.98
12/01/2019 14:00;35.46
12/01/2019 14:15;47.25
12/01/2019 14:30;54.76
12/01/2019 14:45;45.99
12/01/2019 15:00;42.44
12/01/2019 15:15;51.12
12/01/2019 15:30;32.41
12/01/2019 15:45;24.74
12/01/2019 16:00;19.76
12/01/2019 16:15;9.73
12/01/2019 16:30;4.12
12/01/2019 16:45;0.74
12/01/2019 17:00;0
12/01/2019 17:15;0
12/01/2019 17:30;0
12/01/2019 17:45;0
12/01/2019 18:00;0
12/01/2019 18:15;0
12/01/2019 18:30;0
12/01/2019 18:45;0
12/01/2019 19:00;0
12/01/2019 19:15;0
12/01/2019 19:30;0
12/01/2019 19:45;0
12/01/2019 20:00;0
12/01/2019 20:15;0
12/01/2019 20:30;0
12/01/2019 20:45;0
12/01/2019 21:00;0
12/01/2019 21:15;0
12/01/2019 21:30;0
12/01/2019 21:45;0
12/01/2019 22:00;0
12/01/2019 22:15;0
12/01/2019 22:30;0
12/01/2019 22:45;0
12/01/2019 23:00;0
12/01/2019 23:15;0
12/01/2019 23:30;0
12/01/2019 23:45;0
13/01/2019 00:00;0
13/01/2019 00:15;0
13/01/2019 00:30;0
13/01/2019 00:45;0
13/01/2019 01:00;0
13/01/2019 01:15;0
13/01/2019 01:30;0
13/01/2019 01:45;0
13/01/2019 02:00;0
13/01/2019 02:15;0
13/01/2019 02:30;0
13/01/2019 02:45;0
13/01/2019 03:00;0
13/01/2019 03:15;0
13/01/2019 03:30;0
13/01/2019 03:45;0
13/01/2019 04:00;0
13/01/2019 04:15;0
13/01/2019 04:30;0
13/01/2019 04:45;0
13/01/2019 05:00;0
13/01/2019 05:15;0
13/01/2019 05:30;0
13/01/2019 05:45;0
13/01/2019 06:00;0
13/01/2019 06:15;0
13/01/2019 06:30;0
13/01/2019 06:45;0
13/01/2019 07:00;0
13/01/2019 07:15;0
13/01/2019 07:30;0
13/01/2019 07:45;0
13/01/2019 08:00;0
13/01/2019 08:15;0
13/01/2019 08:30;0
13/01/2019 08:45;0.05
13/01/2019 09:00;5.69
13/01/2019 09:15;12.76
13/01/2019 09:30;27.98
13/01/2019 09:45;47.14
13/01/2019 10:00;66.41
13/01/2019 10:15;93.35
13/01/2019 10:30;120.62
13/01/2019 10:45;123.22
13/01/2019 11:00;130.53
13/01/2019 11:15;136.97
13/01/2019 11:30;135.39
13/01/2019 11:45;138.07
13/01/2019 12:00;111.9
13/01/2019 12:15;95.98
13/01/2019 12:30;96.93
13/01/2019 12:45;87.6
13/01/2019 13:00;71.67
13/01/2019 13:15;70.54
13/01/2019 13:30;61.57
13/01/2019 13:45;69.33
13/01/2019 14:00;72.92
13/01/2019 14:15;85.75
13/01/2019 14:30;76.86
13/01/2019 14:45;80.18
13/01/2019 15:00;86.67
13/01/2019 15:15;61.99
13/01/2019 15:30;36.78
13/01/2019 15:45;19.9
13/01/2019 16:00;14.04
13/01/2019 16:15;2.74
13/01/2019 16:30;0.83
13/01/2019 16:45;0.01
13/01/2019 17:00;0
13/01/2019 17:15;0
13/01/2019 17:30;0
13/01/2019 17:45;0
13/01/2019 18:00;0
13/01/2019 18:15;0
13/01/2019 18:30;0
13/01/2019 18:45;0
13/01/2019 19:00;0
13/01/2019 19:15;0
13/01/2019 19:30;0
13/01/2019 19:45;0
13/01/2019 20:00;0
13/01/2019 20:15;0
13/01/2019 20:30;0
13/01/2019 20:45;0
13/01/2019 21:00;0
13/01/2019 21:15;0
13/01/2019 21:30;0
13/01/2019 21:45;0
13/01/2019 22:00;0
13/01/2019 22:15;0
13/01/2019 22:30;0
13/01/2019 22:45;0
13/01/2019 23:00;0
13/01/2019 23:15;0
13/01/2019 23:30;0
13/01/2019 23:45;0
14/01/2019 00:00;0
14/01/2019 00:15;0
14/01/2019 00:30;0
14/01/2019 00:45;0
14/01/2019 01:00;0
14/01/2019 01:15;0
14/01/2019 01:30;0
14/01/2019 01:45;0
14/01/2019 02:00;0
14/01/2019 02:15;0
14/01/2019 02:30;0
14/01/2019 02:45;0
14/01/2019 03:00;0
14/01/2019 03:15;0
14/01/2019 03:30;0
14/01/2019 03:45;0
14/01/2019 04:00;0
14/01/2019 04:15;0
14/01/2019 04:30;0
14/01/2019 04:45;0
14/01/2019 05:00;0
14/01/2019 05:15;0
14/01/2019 05:30;0
14/01/2019 05:45;0
14/01/2019 06:00;0
14/01/2019 06:15;0
14/01/2019 06:30;0
14/01/2019 06:45;0
14/01/2019 07:00;0
14/01/2019 07:15;0
14/01/2019 07:30;0
14/01/2019 07:45;0
14/01/2019 08:00;0
14/01/2019 08:15;0
14/01/2019 08:30;0
14/01/2019 08:45;9.13
14/01/2019 09:00;35.06
14/01/2019 09:15;76.57
14/01/2019 09:30;122.21
14/01/2019 09:45;164.38
14/01/2019 10:00;180.25
14/01/2019 10:15;198.22
14/01/2019 10:30;257.48
14/01/2019 10:45;287.87
14/01/2019 11:00;398.6
14/01/2019 11:15;499.85
14/01/2019 11:30;557.57
14/01/2019 11:45;561.59
14/01/2019 12:00;781.67
14/01/2019 12:15;713.75
14/01/2019 12:30;394.98
14/01/2019 12:45;843.44
14/01/2019 13:00;835.2
14/01/2019 13:15;474.82
14/01/2019 13:30;615.38
14/01/2019 13:45;612.79
14/01/2019 14:00;512.8
14/01/2019 14:15;462.18
14/01/2019 14:30;498.33
14/01/2019 14:45;274.11
14/01/2019 15:00;325.44
14/01/2019 15:15;290.54
14/01/2019 15:30;167.65
14/01/2019 15:45;117.12
14/01/2019 16:00;104.52
14/01/2019 16:15;54.35
14/01/2019 16:30;23.65
14/01/2019 16:45;6.89
14/01/2019 17:00;0
14/01/2019 17:15;0
14/01/2019 17:30;0
14/01/2019 17:45;0
14/01/2019 18:00;0
14/01/2019 18:15;0
14/01/2019 18:30;0
14/01/2019 18:45;0
14/01/2019 19:00;0
14/01/2019 19:15;0
14/01/2019 19:30;0
14/01/2019 19:45;0
14/01/2019 20:00;0
14/01/2019 20:15;0
14/01/2019 20:30;0
14/01/2019 20:45;0
14/01/2019 21:00;0
14/01/2019 21:15;0
14/01/2019 21:30;0
14/01/2019 21:45;0
14/01/2019 22:00;0
14/01/2019 22:15;0
14/01/2019 22:30;0
14/01/2019 22:45;0
14/01/2019 23:00;0
14/01/2019 23:15;0
14/01/2019 23:30;0
14/01/2019 23:45;0
15/01/2019 00:00;0
15/01/2019 00:15;0
15/01/2019 00:30;0
15/01/2019 00:45;0
15/01/2019 01:00;0
15/01/2019 01:15;0
15/01/2019 01:30;0
15/01/2019 01:45;0
15/01/2019 02:00;0
15/01/2019 02:15;0
15/01/2019 02:30;0
15/01/2019 02:45;0
15/01/2019 03:00;0
15/01/2019 03:15;0
15/01/2019 03:30;0
15/01/2019 03:45;0
15/01/2019 04:00;0
15/01/2019 04:15;0
15/01/2019 04:30;0
15/01/2019 04:45;0
15/01/2019 05:00;0
15/01/2019 05:15;0
15/01/2019 05:30;0
15/01/2019 05:45;0
15/01/2019 06:00;0
15/01/2019 06:15;0
15/01/2019 06:30;0
15/01/2019 06:45;0
15/01/2019 07:00;0
15/01/2019 07:15;0
15/01/2019 07:30;0
15/01/2019 07:45;0
15/01/2019 08:00;0
15/01/2019 08:15;0
15/01/2019 08:30;0
15/01/2019 08:45;8.64
15/01/2019 09:00;58.14
15/01/2019 09:15;75.11
15/01/2019 09:30;167.88
15/01/2019 09:45;195.78
15/01/2019 10:00;251.4
15/01/2019 10:15;342.73
15/01/2019 10:30;415.44
15/01/2019 10:45;565.1
15/01/2019 11:00;399.33
15/01/2019 11:15;527.19
15/01/2019 11:30;423.21
15/01/2019 11:45;370.3
15/01/2019 12:00;446.22
15/01/2019 12:15;395.24
15/01/2019 12:30;345.12
15/01/2019 12:45;350.86
15/01/2019 13:00;283.68
15/01/2019 13:15;275.57
15/01/2019 13:30;236.74
15/01/2019 13:45;213.9
15/01/2019 14:00;211.65
15/01/2019 14:15;185.62
15/01/2019 14:30;161.49
15/01/2019 14:45;142.82
15/01/2019 15:00;136.54
15/01/2019 15:15;112.65
15/01/2019 15:30;91.62
15/01/2019 15:45;72.15
15/01/2019 16:00;52.88
15/01/2019 16:15;33.54
15/01/2019 16:30;7.22
15/01/2019 16:45;4.09
15/01/2019 17:00;0.09
15/01/2019 17:15;0
15/01/2019 17:30;0
15/01/2019 17:45;0
15/01/2019 18:00;0
15/01/2019 18:15;0
15/01/2019 18:30;0
15/01/2019 18:45;0
15/01/2019 19:00;0
15/01/2019 19:15;0
15/01/2019 19:30;0
15/01/2019 19:45;0
15/01/2019 20:00;0
15/01/2019 20:15;0
15/01/2019 20:30;0
15/01/2019 20:45;0
15/01/2019 21:00;0
15/01/2019 21:15;0
15/01/2019 21:30;0
15/01/2019 21:45;0
15/01/2019 22:00;0
15/01/2019 22:15;0
15/01/2019 22:30;0
15/01/2019 22:45;0
15/01/2019 23:00;0
15/01/2019 23:15;0
15/01/2019 23:30;0
15/01/2019 23:45;0
16/01/2019 00:00;0
16/01/2019 00:15;0
16/01/2019 00:30;0
16/01/2019 00:45;0
16/01/2019 01:00;0
16/01/2019 01:15;0
16/01/2019 01:30;0
16/01/2019 01:45;0
16/01/2019 02:00;0
16/01/2019 02:15;0
16/01/2019 02:30;0
16/01/2019 02:45;0
16/01/2019 03:00;0
16/01/2019 03:15;0
16/01/2019 03:30;0
16/01/2019 03:45;0
16/01/2019 04:00;0
16/01/2019 04:15;0
16/01/2019 04:30;0
16/01/2019 04:45;0
16/01/2019 05:00;0
16/01/2019 05:15;0
16/01/2019 05:30;0
16/01/2019 05:45;0
16/01/2019 06:00;0
16/01/2019 06:15;0
16/01/2019 06:30;0
16/01/2019 06:45;0
16/01/2019 07:00;0
16/01/2019 07:15;0
16/01/2019 07:30;0
16/01/2019 07:45;0
16/01/2019 08:00;0
16/01/2019 08:15;0
16/01/2019 08:30;0.97
16/01/2019 08:45;8.88
16/01/2019 09:00;18.43
16/01/2019 09:15;41.12
16/01/2019 09:30;67.33
16/01/2019 09:45;95.73
16/01/2019 10:00;115.39
16/01/2019 10:15;132.18
16/01/2019 10:30;154.01
16/01/2019 10:45;180.71
16/01/2019 11:00;195.63
16/01/2019 11:15;191.93
16/01/2019 11:30;247.46
16/01/2019 11:45;236.72
16/01/2019 12:00;314.82
16/01/2019 12:15;297.71
16/01/2019 12:30;348.59
16/01/2019 12:45;350.6
16/01/2019 13:00;297.29
16/01/2019 13:15;303.65
16/01/2019 13:30;286.17
16/01/2019 13:45;320.24
16/01/2019 14:00;337.83
16/01/2019 14:15;333.01
16/01/2019 14:30;318.04
16/01/2019 14:45;283.36
16/01/2019 15:00;232.06
16/01/2019 15:15;191.35
16/01/2019 15:30;146.73
16/01/2019 15:45;109.18
16/01/2019 16:00;79.39
16/01/2019 16:15;50.13
16/01/2019 16:30;24.79
16/01/2019 16:45;6.39
16/01/2019 17:00;0.36
16/01/2019 17:15;0
16/01/2019 17:30;0
16/01/2019 17:45;0
16/01/2019 18:00;0
16/01/2019 18:15;0
16/01/2019 18:30;0
16/01/2019 18:45;0
16/01/2019 19:00;0
16/01/2019 19:15;0
16/01/2019 19:30;0
16/01/2019 19:45;0
16/01/2019 20:00;0
16/01/2019 20:15;0
16/01/2019 20:30;0
16/01/2019 20:45;0
16/01/2019 21:00;0
16/01/2019 21:15;0
16/01/2019 21:30;0
16/01/2019 21:45;0
16/01/2019 22:00;0
16/01/2019 22:15;0
16/01/2019 22:30;0
16/01/2019 22:45;0
16/01/2019 23:00;0
16/01/2019 23:15;0
16/01/2019 23:30;0
16/01/2019 23:45;0
17/01/2019 00:00;0
17/01/2019 00:15;0
17/01/2019 00:30;0
17/01/2019 00:45;0
17/01/2019 01:00;0
17/01/2019 01:15;0
17/01/2019 01:30;0
17/01/2019 01:45;0
17/01/2019 02:00;0
17/01/2019 02:15;0
17/01/2019 02:30;0
17/01/2019 02:45;0
17/01/2019 03:00;0
17/01/2019 03:15;0
17/01/2019 03:30;0
17/01/2019 03:45;0
17/01/2019 04:00;0
17/01/2019 04:15;0
17/01/2019 04:30;0
17/01/2019 04:45;0
17/01/2019 05:00;0
17/01/2019 05:15;0
17/01/2019 05:30;0
17/01/2019 05:45;0
17/01/2019 06:00;0
17/01/2019 06:15;0
17/01/2019 06:30;0
17/01/2019 06:45;0
17/01/2019 07:00;0
17/01/2019 07:15;0
17/01/2019 07:30;0
17/01/2019 07:45;0
17/01/2019 08:00;0
17/01/2019 08:15;0
17/01/2019 08:30;0.54
17/01/2019 08:45;4.78
17/01/2019 09:00;13.96
17/01/2019 09:15;25.78
17/01/2019 09:30;38.87
17/01/2019 09:45;47.64
17/01/2019 10:00;54.97
17/01/2019 10:15;70.2
17/01/2019 10:30;90.59
17/01/2019 10:45;134.47
17/01/2019 11:00;174.75
17/01/2019 11:15;213.05
17/01/2019 11:30;230.47
17/01/2019 11:45;240.94
17/01/2019 12:00;279.16
17/01/2019 12:15;351.92
17/01/2019 12:30;313.65
17/01/2019 12:45;322.37
17/01/2019 13:00;338.29
17/01/2019 13:15;378.72
17/01/2019 13:30;374.42
17/01/2019 13:45;382.94
17/01/2019 14:00;328.86
17/01/2019 14:15;402.06
17/01/2019 14:30;421.43
17/01/2019 14:45;456.69
17/01/2019 15:00;262.65
17/01/2019 15:15;252.62
17/01/2019 15:30;230.96
17/01/2019 15:45;185.12
17/01/2019 16:00;127.36
17/01/2019 16:15;29.76
17/01/2019 16:30;16.45
17/01/2019 16:45;3.32
17/01/2019 17:00;0
17/01/2019 17:15;0
17/01/2019 17:30;0
17/01/2019 17:45;0
17/01/2019 18:00;0
17/01/2019 18:15;0
17/01/2019 18:30;0
17/01/2019 18:45;0
17/01/2019 19:00;0
17/01/2019 19:15;0
17/01/2019 19:30;0
17/01/2019 19:45;0
17/01/2019 20:00;0
17/01/2019 20:15;0
17/01/2019 20:30;0
17/01/2019 20:45;0
17/01/2019 21:00;0
17/01/2019 21:15;0
17/01/2019 21:30;0
17/01/2019 21:45;0
17/01/2019 22:00;0
17/01/2019 22:15;0
17/01/2019 22:30;0
17/01/2019 22:45;0
17/01/2019 23:00;0
17/01/2019 23:15;0
17/01/2019 23:30;0
17/01/2019 23:45;0
18/01/2019 00:00;0
18/01/2019 00:15;0
18/01/2019 00:30;0
18/01/2019 00:45;0
18/01/2019 01:00;0
18/01/2019 01:15;0
18/01/2019 01:30;0
18/01/2019 01:45;0
18/01/2019 02:00;0
18/01/2019 02:15;0
18/01/2019 02:30;0
18/01/2019 02:45;0
18/01/2019 03:00;0
18/01/2019 03:15;0
18/01/2019 03:30;0
18/01/2019 03:45;0
18/01/2019 04:00;0
18/01/2019 04:15;0
18/01/2019 04:30;0
18/01/2019 04:45;0
18/01/2019 05:00;0
18/01/2019 05:15;0
18/01/2019 05:30;0
18/01/2019 05:45;0
18/01/2019 06:00;0
18/01/2019 06:15;0
18/01/2019 06:30;0
18/01/2019 06:45;0
18/01/2019 07:00;0
18/01/2019 07:15;0
18/01/2019 07:30;0
18/01/2019 07:45;0
18/01/2019 08:00;0
18/01/2019 08:15;0
18/01/2019 08:30;2.11
18/01/2019 08:45;21.44
18/01/2019 09:00;68.92
18/01/2019 09:15;114.61
18/01/2019 09:30;146.95
18/01/2019 09:45;171.44
18/01/2019 10:00;220.73
18/01/2019 10:15;302.39
18/01/2019 10:30;303.44
18/01/2019 10:45;329.13
18/01/2019 11:00;451.9
18/01/2019 11:15;441.83
18/01/2019 11:30;478.34
18/01/2019 11:45;499.53
18/01/2019 12:00;528.83
18/01/2019 12:15;625.85
18/01/2019 12:30;551.04
18/01/2019 12:45;483.94
18/01/2019 13:00;560.35
18/01/2019 13:15;693.48
18/01/2019 13:30;645.98
18/01/2019 13:45;732.83
18/01/2019 14:00;442.64
18/01/2019 14:15;621.45
18/01/2019 14:30;447.11
18/01/2019 14:45;518.18
18/01/2019 15:00;448.18
18/01/2019 15:15;415.78
18/01/2019 15:30;342
18/01/2019 15:45;272.95
18/01/2019 16:00;204.25
18/01/2019 16:15;135.91
18/01/2019 16:30;69.3
18/01/2019 16:45;23.06
18/01/2019 17:00;2.97
18/01/2019 17:15;0
18/01/2019 17:30;0
18/01/2019 17:45;0
18/01/2019 18:00;0
18/01/2019 18:15;0
18/01/2019 18:30;0
18/01/2019 18:45;0
18/01/2019 19:00;0
18/01/2019 19:15;0
18/01/2019 19:30;0
18/01/2019 19:45;0
18/01/2019 20:00;0
18/01/2019 20:15;0
18/01/2019 20:30;0
18/01/2019 20:45;0
18/01/2019 21:00;0
18/01/2019 21:15;0
18/01/2019 21:30;0
18/01/2019 21:45;0
18/01/2019 22:00;0
18/01/2019 22:15;0
18/01/2019 22:30;0
18/01/2019 22:45;0
18/01/2019 23:00;0
18/01/2019 23:15;0
18/01/2019 23:30;0
18/01/2019 23:45;0
19/01/2019 00:00;0
19/01/2019 00:15;0
19/01/2019 00:30;0
19/01/2019 00:45;0
19/01/2019 01:00;0
19/01/2019 01:15;0
19/01/2019 01:30;0
19/01/2019 01:45;0
19/01/2019 02:00;0
19/01/2019 02:15;0
19/01/2019 02:30;0
19/01/2019 02:45;0
19/01/2019 03:00;0
19/01/2019 03:15;0
19/01/2019 03:30;0
19/01/2019 03:45;0
19/01/2019 04:00;0
19/01/2019 04:15;0
19/01/2019 04:30;0
19/01/2019 04:45;0
19/01/2019 05:00;0
19/01/2019 05:15;0
19/01/2019 05:30;0
19/01/2019 05:45;0
19/01/2019 06:00;0
19/01/2019 06:15;0
19/01/2019 06:30;0
19/01/2019 06:45;0
19/01/2019 07:00;0
19/01/2019 07:15;0
19/01/2019 07:30;0
19/01/2019 07:45;0
19/01/2019 08:00;0
19/01/2019 08:15;0
19/01/2019 08:30;0
19/01/2019 08:45;13.29
19/01/2019 09:00;82.93
19/01/2019 09:15;89.42
19/01/2019 09:30;160.32
19/01/2019 09:45;287.4
19/01/2019 10:00;399.46
19/01/2019 10:15;455.6
19/01/2019 10:30;581.99
19/01/2019 10:45;690.35
19/01/2019 11:00;813.41
19/01/2019 11:15;930.15
19/01/2019 11:30;1028.62
19/01/2019 11:45;1084.05
19/01/2019 12:00;1161.32
19/01/2019 12:15;1200.78
19/01/2019 12:30;1247.17
19/01/2019 12:45;1234.84
19/01/2019 13:00;1280.29
19/01/2019 13:15;1249.36
19/01/2019 13:30;1210.1
19/01/2019 13:45;1032.14
19/01/2019 14:00;1149.55
19/01/2019 14:15;984.78
19/01/2019 14:30;827.09
19/01/2019 14:45;732.17
19/01/2019 15:00;562.05
19/01/2019 15:15;484.5
19/01/2019 15:30;391.77
19/01/2019 15:45;331.6
19/01/2019 16:00;239.29
19/01/2019 16:15;129.78
19/01/2019 16:30;65.55
19/01/2019 16:45;24.8
19/01/2019 17:00;8.35
19/01/2019 17:15;0
19/01/2019 17:30;0
19/01/2019 17:45;0
19/01/2019 18:00;0
19/01/2019 18:15;0
19/01/2019 18:30;0
19/01/2019 18:45;0
19/01/2019 19:00;0
19/01/2019 19:15;0
19/01/2019 19:30;0
19/01/2019 19:45;0
19/01/2019 20:00;0
19/01/2019 20:15;0
19/01/2019 20:30;0
19/01/2019 20:45;0
19/01/2019 21:00;0
19/01/2019 21:15;0
19/01/2019 21:30;0
19/01/2019 21:45;0
19/01/2019 22:00;0
19/01/2019 22:15;0
19/01/2019 22:30;0
19/01/2019 22:45;0
19/01/2019 23:00;0
19/01/2019 23:15;0
19/01/2019 23:30;0
19/01/2019 23:45;0
20/01/2019 00:00;0
20/01/2019 00:15;0
20/01/2019 00:30;0
20/01/2019 00:45;0
20/01/2019 01:00;0
20/01/2019 01:15;0
20/01/2019 01:30;0
20/01/2019 01:45;0
20/01/2019 02:00;0
20/01/2019 02:15;0
20/01/2019 02:30;0
20/01/2019 02:45;0
20/01/2019 03:00;0
20/01/2019 03:15;0
20/01/2019 03:30;0
20/01/2019 03:45;0
20/01/2019 04:00;0
20/01/2019 04:15;0
20/01/2019 04:30;0
20/01/2019 04:45;0
20/01/2019 05:00;0
20/01/2019 05:15;0
20/01/2019 05:30;0
20/01/2019 05:45;0
20/01/2019 06:00;0
20/01/2019 06:15;0
20/01/2019 06:30;0
20/01/2019 06:45;0
20/01/2019 07:00;0
20/01/2019 07:15;0
20/01/2019 07:30;0
20/01/2019 07:45;0
20/01/2019 08:00;0
20/01/2019 08:15;0
20/01/2019 08:30;0.27
20/01/2019 08:45;22.74
20/01/2019 09:00;63.99
20/01/2019 09:15;121.02
20/01/2019 09:30;174.54
20/01/2019 09:45;302.26
20/01/2019 10:00;365.05
20/01/2019 10:15;542.87
20/01/2019 10:30;604.33
20/01/2019 10:45;828.77
20/01/2019 11:00;918.14
20/01/2019 11:15;1166.67
20/01/2019 11:30;1028.16
20/01/2019 11:45;1238
20/01/2019 12:00;1381.51
20/01/2019 12:15;1086.97
20/01/2019 12:30;1403.93
20/01/2019 12:45;1146.21
20/01/2019 13:00;1471.55
20/01/2019 13:15;1525.66
20/01/2019 13:30;1354.28
20/01/2019 13:45;1202.94
20/01/2019 14:00;1109.01
20/01/2019 14:15;1020.68
20/01/2019 14:30;910.09
20/01/2019 14:45;798.2
20/01/2019 15:00;696.05
20/01/2019 15:15;578.16
20/01/2019 15:30;473.62
20/01/2019 15:45;360.93
20/01/2019 16:00;281.9
20/01/2019 16:15;198.35
20/01/2019 16:30;121.8
20/01/2019 16:45;48.35
20/01/2019 17:00;7.44
20/01/2019 17:15;0
20/01/2019 17:30;0
20/01/2019 17:45;0
20/01/2019 18:00;0
20/01/2019 18:15;0
20/01/2019 18:30;0
20/01/2019 18:45;0
20/01/2019 19:00;0
20/01/2019 19:15;0
20/01/2019 19:30;0
20/01/2019 19:45;0
20/01/2019 20:00;0
20/01/2019 20:15;0
20/01/2019 20:30;0
20/01/2019 20:45;0
20/01/2019 21:00;0
20/01/2019 21:15;0
20/01/2019 21:30;0
20/01/2019 21:45;0
20/01/2019 22:00;0
20/01/2019 22:15;0
20/01/2019 22:30;0
20/01/2019 22:45;0
20/01/2019 23:00;0
20/01/2019 23:15;0
20/01/2019 23:30;0
20/01/2019 23:45;0
21/01/2019 00:00;0
21/01/2019 00:15;0
21/01/2019 00:30;0
21/01/2019 00:45;0
21/01/2019 01:00;0
21/01/2019 01:15;0
21/01/2019 01:30;0
21/01/2019 01:45;0
21/01/2019 02:00;0
21/01/2019 02:15;0
21/01/2019 02:30;0
21/01/2019 02:45;0
21/01/2019 03:00;0
21/01/2019 03:15;0
21/01/2019 03:30;0
21/01/2019 03:45;0
21/01/2019 04:00;0
21/01/2019 04:15;0
21/01/2019 04:30;0
21/01/2019 04:45;0
21/01/2019 05:00;0
21/01/2019 05:15;0
21/01/2019 05:30;0
21/01/2019 05:45;0
21/01/2019 06:00;0
21/01/2019 06:15;0
21/01/2019 06:30;0
21/01/2019 06:45;0
21/01/2019 07:00;0
21/01/2019 07:15;0
21/01/2019 07:30;0
21/01/2019 07:45;0
21/01/2019 08:00;0
21/01/2019 08:15;0
21/01/2019 08:30;9.57
21/01/2019 08:45;64.57
21/01/2019 09:00;144.15
21/01/2019 09:15;188.08
21/01/2019 09:30;247.11
21/01/2019 09:45;348.12
21/01/2019 10:00;452.32
21/01/2019 10:15;537.26
21/01/2019 10:30;660.45
21/01/2019 10:45;798.12
21/01/2019 11:00;911.1
21/01/2019 11:15;1005.42
21/01/2019 11:30;1095.38
21/01/2019 11:45;1175.38
21/01/2019 12:00;1252.93
21/01/2019 12:15;1289.24
21/01/2019 12:30;1340.47
21/01/2019 12:45;1317.46
21/01/2019 13:00;1348.54
21/01/2019 13:15;1187.12
21/01/2019 13:30;1260.7
21/01/2019 13:45;1161.62
21/01/2019 14:00;1219.2
21/01/2019 14:15;972.13
21/01/2019 14:30;884.19
21/01/2019 14:45;751.95
21/01/2019 15:00;688.51
21/01/2019 15:15;520.09
21/01/2019 15:30;384.07
21/01/2019 15:45;403.12
21/01/2019 16:00;239.36
21/01/2019 16:15;176.62
21/01/2019 16:30;53.75
21/01/2019 16:45;46.13
21/01/2019 17:00;8.78
21/01/2019 17:15;0
21/01/2019 17:30;0
21/01/2019 17:45;0
21/01/2019 18:00;0
21/01/2019 18:15;0
21/01/2019 18:30;0
21/01/2019 18:45;0
21/01/2019 19:00;0
21/01/2019 19:15;0
21/01/2019 19:30;0
21/01/2019 19:45;0
21/01/2019 20:00;0
21/01/2019 20:15;0
21/01/2019 20:30;0
21/01/2019 20:45;0
21/01/2019 21:00;0
21/01/2019 21:15;0
21/01/2019 21:30;0
21/01/2019 21:45;0
21/01/2019 22:00;0
21/01/2019 22:15;0
21/01/2019 22:30;0
21/01/2019 22:45;0
21/01/2019 23:00;0
21/01/2019 23:15;0
21/01/2019 23:30;0
21/01/2019 23:45;0
22/01/2019 00:00;0
22/01/2019 00:15;0
22/01/2019 00:30;0
22/01/2019 00:45;0
22/01/2019 01:00;0
22/01/2019 01:15;0
22/01/2019 01:30;0
22/01/2019 01:45;0
22/01/2019 02:00;0
22/01/2019 02:15;0
22/01/2019 02:30;0
22/01/2019 02:45;0
22/01/2019 03:00;0
22/01/2019 03:15;0
22/01/2019 03:30;0
22/01/2019 03:45;0
22/01/2019 04:00;0
22/01/2019 04:15;0
22/01/2019 04:30;0
22/01/2019 04:45;0
22/01/2019 05:00;0
22/01/2019 05:15;0
22/01/2019 05:30;0
22/01/2019 05:45;0
22/01/2019 06:00;0
22/01/2019 06:15;0
22/01/2019 06:30;0
22/01/2019 06:45;0
22/01/2019 07:00;0
22/01/2019 07:15;0
22/01/2019 07:30;0
22/01/2019 07:45;0
22/01/2019 08:00;0
22/01/2019 08:15;0
22/01/2019 08:30;0.32
22/01/2019 08:45;20.33
22/01/2019 09:00;61.07
22/01/2019 09:15;61.88
22/01/2019 09:30;92.92
22/01/2019 09:45;109.96
22/01/2019 10:00;117.11
22/01/2019 10:15;124.92
22/01/2019 10:30;153.56
22/01/2019 10:45;251.74
22/01/2019 11:00;204.06
22/01/2019 11:15;163.75
22/01/2019 11:30;293.9
22/01/2019 11:45;213.48
22/01/2019 12:00;203.5
22/01/2019 12:15;200.2
22/01/2019 12:30;147.49
22/01/2019 12:45;159.69
22/01/2019 13:00;156.54
22/01/2019 13:15;121.46
22/01/2019 13:30;128
22/01/2019 13:45;94.93
22/01/2019 14:00;103.98
22/01/2019 14:15;92.27
22/01/2019 14:30;85.86
22/01/2019 14:45;81.18
22/01/2019 15:00;69.81
22/01/2019 15:15;69.37
22/01/2019 15:30;67.39
22/01/2019 15:45;55.75
22/01/2019 16:00;45.39
22/01/2019 16:15;31.39
22/01/2019 16:30;19.62
22/01/2019 16:45;8.24
22/01/2019 17:00;2.13
22/01/2019 17:15;0.09
22/01/2019 17:30;0
22/01/2019 17:45;0
22/01/2019 18:00;0
22/01/2019 18:15;0
22/01/2019 18:30;0
22/01/2019 18:45;0
22/01/2019 19:00;0
22/01/2019 19:15;0
22/01/2019 19:30;0
22/01/2019 19:45;0
22/01/2019 20:00;0
22/01/2019 20:15;0
22/01/2019 20:30;0
22/01/2019 20:45;0
22/01/2019 21:00;0
22/01/2019 21:15;0
22/01/2019 21:30;0
22/01/2019 21:45;0
22/01/2019 22:00;0
22/01/2019 22:15;0
22/01/2019 22:30;0
22/01/2019 22:45;0
22/01/2019 23:00;0
22/01/2019 23:15;0
22/01/2019 23:30;0
22/01/2019 23:45;0
23/01/2019 00:00;0
23/01/2019 00:15;0
23/01/2019 00:30;0
23/01/2019 00:45;0
23/01/2019 01:00;0
23/01/2019 01:15;0
23/01/2019 01:30;0
23/01/2019 01:45;0
23/01/2019 02:00;0
23/01/2019 02:15;0
23/01/2019 02:30;0
23/01/2019 02:45;0
23/01/2019 03:00;0
23/01/2019 03:15;0
23/01/2019 03:30;0
23/01/2019 03:45;0
23/01/2019 04:00;0
23/01/2019 04:15;0
23/01/2019 04:30;0
23/01/2019 04:45;0
23/01/2019 05:00;0
23/01/2019 05:15;0
23/01/2019 05:30;0
23/01/2019 05:45;0
23/01/2019 06:00;0
23/01/2019 06:15;0
23/01/2019 06:30;0
23/01/2019 06:45;0
23/01/2019 07:00;0
23/01/2019 07:15;0
23/01/2019 07:30;0
23/01/2019 07:45;0
23/01/2019 08:00;0
23/01/2019 08:15;0.01
23/01/2019 08:30;3.47
23/01/2019 08:45;19.41
23/01/2019 09:00;34.84
23/01/2019 09:15;42.55
23/01/2019 09:30;55.29
23/01/2019 09:45;60.93
23/01/2019 10:00;68.39
23/01/2019 10:15;72.64
23/01/2019 10:30;89.37
23/01/2019 10:45;105.07
23/01/2019 11:00;127.13
23/01/2019 11:15;141.5
23/01/2019 11:30;172.87
23/01/2019 11:45;183.95
23/01/2019 12:00;195.31
23/01/2019 12:15;199.8
23/01/2019 12:30;223.2
23/01/2019 12:45;211.36
23/01/2019 13:00;151.43
23/01/2019 13:15;222.38
23/01/2019 13:30;173.85
23/01/2019 13:45;238.52
23/01/2019 14:00;188.94
23/01/2019 14:15;148.89
23/01/2019 14:30;222.15
23/01/2019 14:45;117.39
23/01/2019 15:00;104.59
23/01/2019 15:15;107.36
23/01/2019 15:30;39.33
23/01/2019 15:45;80.63
23/01/2019 16:00;65.63
23/01/2019 16:15;45.18
23/01/2019 16:30;30.23
23/01/2019 16:45;14.09
23/01/2019 17:00;3.51
23/01/2019 17:15;0.08
23/01/2019 17:30;0
23/01/2019 17:45;0
23/01/2019 18:00;0
23/01/2019 18:15;0
23/01/2019 18:30;0
23/01/2019 18:45;0
23/01/2019 19:00;0
23/01/2019 19:15;0
23/01/2019 19:30;0
23/01/2019 19:45;0
23/01/2019 20:00;0
23/01/2019 20:15;0
23/01/2019 20:30;0
23/01/2019 20:45;0
23/01/2019 21:00;0
23/01/2019 21:15;0
23/01/2019 21:30;0
23/01/2019 21:45;0
23/01/2019 22:00;0
23/01/2019 22:15;0
23/01/2019 22:30;0
23/01/2019 22:45;0
23/01/2019 23:00;0
23/01/2019 23:15;0
23/01/2019 23:30;0
23/01/2019 23:45;0
24/01/2019 00:00;0
24/01/2019 00:15;0
24/01/2019 00:30;0
24/01/2019 00:45;0
24/01/2019 01:00;0
24/01/2019 01:15;0
24/01/2019 01:30;0
24/01/2019 01:45;0
24/01/2019 02:00;0
24/01/2019 02:15;0
24/01/2019 02:30;0
24/01/2019 02:45;0
24/01/2019 03:00;0
24/01/2019 03:15;0
24/01/2019 03:30;0
24/01/2019 03:45;0
24/01/2019 04:00;0
24/01/2019 04:15;0
24/01/2019 04:30;0
24/01/2019 04:45;0
24/01/2019 05:00;0
24/01/2019 05:15;0
24/01/2019 05:30;0
24/01/2019 05:45;0
24/01/2019 06:00;0
24/01/2019 06:15;0
24/01/2019 06:30;0
24/01/2019 06:45;0
24/01/2019 07:00;0
24/01/2019 07:15;0
24/01/2019 07:30;0
24/01/2019 07:45;0
24/01/2019 08:00;0
24/01/2019 08:15;0
24/01/2019 08:30;0
24/01/2019 08:45;2.54
24/01/2019 09:00;8.18
24/01/2019 09:15;17.89
24/01/2019 09:30;10.29
24/01/2019 09:45;33.61
24/01/2019 10:00;34.61
24/01/2019 10:15;97.57
24/01/2019 10:30;42.25
24/01/2019 10:45;126.04
24/01/2019 11:00;64.76
24/01/2019 11:15;140.49
24/01/2019 11:30;180.87
24/01/2019 11:45;195.07
24/01/2019 12:00;169.25
24/01/2019 12:15;167.41
24/01/2019 12:30;162.58
24/01/2019 12:45;201.44
24/01/2019 13:00;236.63
24/01/2019 13:15;238.08
24/01/2019 13:30;236.94
24/01/2019 13:45;235.1
24/01/2019 14:00;254.06
24/01/2019 14:15;271.53
24/01/2019 14:30;226.58
24/01/2019 14:45;220.61
24/01/2019 15:00;196.63
24/01/2019 15:15;147.84
24/01/2019 15:30;175.09
24/01/2019 15:45;128.15
24/01/2019 16:00;95.19
24/01/2019 16:15;104.62
24/01/2019 16:30;61.45
24/01/2019 16:45;46.72
24/01/2019 17:00;23.38
24/01/2019 17:15;15.36
24/01/2019 17:30;0
24/01/2019 17:45;0
24/01/2019 18:00;0
24/01/2019 18:15;0
24/01/2019 18:30;0
24/01/2019 18:45;0
24/01/2019 19:00;0
24/01/2019 19:15;0
24/01/2019 19:30;0
24/01/2019 19:45;0
24/01/2019 20:00;0
24/01/2019 20:15;0
24/01/2019 20:30;0
24/01/2019 20:45;0
24/01/2019 21:00;0
24/01/2019 21:15;0
24/01/2019 21:30;0
24/01/2019 21:45;0
24/01/2019 22:00;0
24/01/2019 22:15;0
24/01/2019 22:30;0
24/01/2019 22:45;0
24/01/2019 23:00;0
24/01/2019 23:15;0
24/01/2019 23:30;0
24/01/2019 23:45;0
25/01/2019 00:00;0
25/01/2019 00:15;0
25/01/2019 00:30;0
25/01/2019 00:45;0
25/01/2019 01:00;0
25/01/2019 01:15;0
25/01/2019 01:30;0
25/01/2019 01:45;0
25/01/2019 02:00;0
25/01/2019 02:15;0
25/01/2019 02:30;0
25/01/2019 02:45;0
25/01/2019 03:00;0
25/01/2019 03:15;0
25/01/2019 03:30;0
25/01/2019 03:45;0
25/01/2019 04:00;0
25/01/2019 04:15;0
25/01/2019 04:30;0
25/01/2019 04:45;0
25/01/2019 05:00;0
25/01/2019 05:15;0
25/01/2019 05:30;0
25/01/2019 05:45;0
25/01/2019 06:00;0
25/01/2019 06:15;0
25/01/2019 06:30;0
25/01/2019 06:45;0
25/01/2019 07:00;0
25/01/2019 07:15;0
25/01/2019 07:30;0
25/01/2019 07:45;0
25/01/2019 08:00;0
25/01/2019 08:15;0.04
25/01/2019 08:30;2.84
25/01/2019 08:45;8.19
25/01/2019 09:00;16.71
25/01/2019 09:15;25.55
25/01/2019 09:30;37.04
25/01/2019 09:45;51.08
25/01/2019 10:00;62.38
25/01/2019 10:15;49.39
25/01/2019 10:30;76
25/01/2019 10:45;88.86
25/01/2019 11:00;91.47
25/01/2019 11:15;120.81
25/01/2019 11:30;122.27
25/01/2019 11:45;154.42
25/01/2019 12:00;181.99
25/01/2019 12:15;202.3
25/01/2019 12:30;210.14
25/01/2019 12:45;205.59
25/01/2019 13:00;214.99
25/01/2019 13:15;209.49
25/01/2019 13:30;239.24
25/01/2019 13:45;227.69
25/01/2019 14:00;238.38
25/01/2019 14:15;248.77
25/01/2019 14:30;237.34
25/01/2019 14:45;222.49
25/01/2019 15:00;185.22
25/01/2019 15:15;181.53
25/01/2019 15:30;159.58
25/01/2019 15:45;147.24
25/01/2019 16:00;65.5
25/01/2019 16:15;39.21
25/01/2019 16:30;31.83
25/01/2019 16:45;12.21
25/01/2019 17:00;3.83
25/01/2019 17:15;0.35
25/01/2019 17:30;0
25/01/2019 17:45;0
25/01/2019 18:00;0
25/01/2019 18:15;0
25/01/2019 18:30;0
25/01/2019 18:45;0
25/01/2019 19:00;0
25/01/2019 19:15;0
25/01/2019 19:30;0
25/01/2019 19:45;0
25/01/2019 20:00;0
25/01/2019 20:15;0
25/01/2019 20:30;0
25/01/2019 20:45;0
25/01/2019 21:00;0
25/01/2019 21:15;0
25/01/2019 21:30;0
25/01/2019 21:45;0
25/01/2019 22:00;0
25/01/2019 22:15;0
25/01/2019 22:30;0
25/01/2019 22:45;0
25/01/2019 23:00;0
25/01/2019 23:15;0
25/01/2019 23:30;0
25/01/2019 23:45;0
26/01/2019 00:00;0
26/01/2019 00:15;0
26/01/2019 00:30;0
26/01/2019 00:45;0
26/01/2019 01:00;0
26/01/2019 01:15;0
26/01/2019 01:30;0
26/01/2019 01:45;0
26/01/2019 02:00;0
26/01/2019 02:15;0
26/01/2019 02:30;0
26/01/2019 02:45;0
26/01/2019 03:00;0
26/01/2019 03:15;0
26/01/2019 03:30;0
26/01/2019 03:45;0
26/01/2019 04:00;0
26/01/2019 04:15;0
26/01/2019 04:30;0
26/01/2019 04:45;0
26/01/2019 05:00;0
26/01/2019 05:15;0
26/01/2019 05:30;0
26/01/2019 05:45;0
26/01/2019 06:00;0
26/01/2019 06:15;0
26/01/2019 06:30;0
26/01/2019 06:45;0
26/01/2019 07:00;0
26/01/2019 07:15;0
26/01/2019 07:30;0
26/01/2019 07:45;0
26/01/2019 08:00;0
26/01/2019 08:15;0
26/01/2019 08:30;0.02
26/01/2019 08:45;3.75
26/01/2019 09:00;21.21
26/01/2019 09:15;18.54
26/01/2019 09:30;1.04
26/01/2019 09:45;6.21
26/01/2019 10:00;28.94
26/01/2019 10:15;53.15
26/01/2019 10:30;65.4
26/01/2019 10:45;147.8
26/01/2019 11:00;168.96
26/01/2019 11:15;196.4
26/01/2019 11:30;214.11
26/01/2019 11:45;234.86
26/01/2019 12:00;271.62
26/01/2019 12:15;261.14
26/01/2019 12:30;285.66
26/01/2019 12:45;323.52
26/01/2019 13:00;281.9
26/01/2019 13:15;245.61
26/01/2019 13:30;251.93
26/01/2019 13:45;270.48
26/01/2019 14:00;251.91
26/01/2019 14:15;226.42
26/01/2019 14:30;261.31
26/01/2019 14:45;234.99
26/01/2019 15:00;222.72
26/01/2019 15:15;230.33
26/01/2019 15:30;213.27
26/01/2019 15:45;157.12
26/01/2019 16:00;149.12
26/01/2019 16:15;148.81
26/01/2019 16:30;124.06
26/01/2019 16:45;94.27
26/01/2019 17:00;75.96
26/01/2019 17:15;44.65
26/01/2019 17:30;0
26/01/2019 17:45;0
26/01/2019 18:00;0
26/01/2019 18:15;0
26/01/2019 18:30;0
26/01/2019 18:45;0
26/01/2019 19:00;0
26/01/2019 19:15;0
26/01/2019 19:30;0
26/01/2019 19:45;0
26/01/2019 20:00;0
26/01/2019 20:15;0
26/01/2019 20:30;0
26/01/2019 20:45;0
26/01/2019 21:00;0
26/01/2019 21:15;0
26/01/2019 21:30;0
26/01/2019 21:45;0
26/01/2019 22:00;0
26/01/2019 22:15;0
26/01/2019 22:30;0
26/01/2019 22:45;0
26/01/2019 23:00;0
26/01/2019 23:15;0
26/01/2019 23:30;0
26/01/2019 23:45;0
27/01/2019 00:00;0
27/01/2019 00:15;0
27/01/2019 00:30;0
27/01/2019 00:45;0
27/01/2019 01:00;0
27/01/2019 01:15;0
27/01/2019 01:30;0
27/01/2019 01:45;0
27/01/2019 02:00;0
27/01/2019 02:15;0
27/01/2019 02:30;0
27/01/2019 02:45;0
27/01/2019 03:00;0
27/01/2019 03:15;0
27/01/2019 03:30;0
27/01/2019 03:45;0
27/01/2019 04:00;0
27/01/2019 04:15;0
27/01/2019 04:30;0
27/01/2019 04:45;0
27/01/2019 05:00;0
27/01/2019 05:15;0
27/01/2019 05:30;0
27/01/2019 05:45;0
27/01/2019 06:00;0
27/01/2019 06:15;0
27/01/2019 06:30;0
27/01/2019 06:45;0
27/01/2019 07:00;0
27/01/2019 07:15;0
27/01/2019 07:30;0
27/01/2019 07:45;0
27/01/2019 08:00;0
27/01/2019 08:15;0.14
27/01/2019 08:30;2.28
27/01/2019 08:45;14.71
27/01/2019 09:00;29.65
27/01/2019 09:15;40.51
27/01/2019 09:30;30.8
27/01/2019 09:45;36.24
27/01/2019 10:00;57.93
27/01/2019 10:15;83.98
27/01/2019 10:30;100.89
27/01/2019 10:45;108.1
27/01/2019 11:00;104.09
27/01/2019 11:15;124.54
27/01/2019 11:30;146.92
27/01/2019 11:45;152.09
27/01/2019 12:00;159.33
27/01/2019 12:15;143.36
27/01/2019 12:30;139.06
27/01/2019 12:45;174.26
27/01/2019 13:00;169.74
27/01/2019 13:15;173.98
27/01/2019 13:30;152.89
27/01/2019 13:45;148.34
27/01/2019 14:00;169.71
27/01/2019 14:15;195.99
27/01/2019 14:30;215.04
27/01/2019 14:45;219.33
27/01/2019 15:00;164.81
27/01/2019 15:15;147.29
27/01/2019 15:30;127.64
27/01/2019 15:45;95.17
27/01/2019 16:00;76.03
27/01/2019 16:15;54.26
27/01/2019 16:30;43.65
27/01/2019 16:45;31.21
27/01/2019 17:00;13.9
27/01/2019 17:15;2.63
27/01/2019 17:30;0
27/01/2019 17:45;0
27/01/2019 18:00;0
27/01/2019 18:15;0
27/01/2019 18:30;0
27/01/2019 18:45;0
27/01/2019 19:00;0
27/01/2019 19:15;0
27/01/2019 19:30;0
27/01/2019 19:45;0
27/01/2019 20:00;0
27/01/2019 20:15;0
27/01/2019 20:30;0
27/01/2019 20:45;0
27/01/2019 21:00;0
27/01/2019 21:15;0
27/01/2019 21:30;0
27/01/2019 21:45;0
27/01/2019 22:00;0
27/01/2019 22:15;0
27/01/2019 22:30;0
27/01/2019 22:45;0
27/01/2019 23:00;0
27/01/2019 23:15;0
27/01/2019 23:30;0
27/01/2019 23:45;0
28/01/2019 00:00;0
28/01/2019 00:15;0
28/01/2019 00:30;0
28/01/2019 00:45;0
28/01/2019 01:00;0
28/01/2019 01:15;0
28/01/2019 01:30;0
28/01/2019 01:45;0
28/01/2019 02:00;0
28/01/2019 02:15;0
28/01/2019 02:30;0
28/01/2019 02:45;0
28/01/2019 03:00;0
28/01/2019 03:15;0
28/01/2019 03:30;0
28/01/2019 03:45;0
28/01/2019 04:00;0
28/01/2019 04:15;0
28/01/2019 04:30;0
28/01/2019 04:45;0
28/01/2019 05:00;0
28/01/2019 05:15;0
28/01/2019 05:30;0
28/01/2019 05:45;0
28/01/2019 06:00;0
28/01/2019 06:15;0
28/01/2019 06:30;0
28/01/2019 06:45;0
28/01/2019 07:00;0
28/01/2019 07:15;0
28/01/2019 07:30;0
28/01/2019 07:45;0
28/01/2019 08:00;0
28/01/2019 08:15;0
28/01/2019 08:30;0.04
28/01/2019 08:45;0.18
28/01/2019 09:00;0.18
28/01/2019 09:15;0.04
28/01/2019 09:30;49.5
28/01/2019 09:45;69.67
28/01/2019 10:00;97.54
28/01/2019 10:15;156.17
28/01/2019 10:30;208.18
28/01/2019 10:45;266.37
28/01/2019 11:00;367.77
28/01/2019 11:15;443.02
28/01/2019 11:30;507
28/01/2019 11:45;552.46
28/01/2019 12:00;613.11
28/01/2019 12:15;595.75
28/01/2019 12:30;616.63
28/01/2019 12:45;576.27
28/01/2019 13:00;617.87
28/01/2019 13:15;590.61
28/01/2019 13:30;594.52
28/01/2019 13:45;644.39
28/01/2019 14:00;542.78
28/01/2019 14:15;512.75
28/01/2019 14:30;509.01
28/01/2019 14:45;533.84
28/01/2019 15:00;440.48
28/01/2019 15:15;462.34
28/01/2019 15:30;445.17
28/01/2019 15:45;394.93
28/01/2019 16:00;410.67
28/01/2019 16:15;316.83
28/01/2019 16:30;302.1
28/01/2019 16:45;214.02
28/01/2019 17:00;198.82
28/01/2019 17:15;116.18
28/01/2019 17:30;0
28/01/2019 17:45;0
28/01/2019 18:00;0
28/01/2019 18:15;0
28/01/2019 18:30;0
28/01/2019 18:45;0
28/01/2019 19:00;0
28/01/2019 19:15;0
28/01/2019 19:30;0
28/01/2019 19:45;0
28/01/2019 20:00;0
28/01/2019 20:15;0
28/01/2019 20:30;0
28/01/2019 20:45;0
28/01/2019 21:00;0
28/01/2019 21:15;0
28/01/2019 21:30;0
28/01/2019 21:45;0
28/01/2019 22:00;0
28/01/2019 22:15;0
28/01/2019 22:30;0
28/01/2019 22:45;0
28/01/2019 23:00;0
28/01/2019 23:15;0
28/01/2019 23:30;0
28/01/2019 23:45;0
29/01/2019 00:00;0
29/01/2019 00:15;0
29/01/2019 00:30;0
29/01/2019 00:45;0
29/01/2019 01:00;0
29/01/2019 01:15;0
29/01/2019 01:30;0
29/01/2019 01:45;0
29/01/2019 02:00;0
29/01/2019 02:15;0
29/01/2019 02:30;0
29/01/2019 02:45;0
29/01/2019 03:00;0
29/01/2019 03:15;0
29/01/2019 03:30;0
29/01/2019 03:45;0
29/01/2019 04:00;0
29/01/2019 04:15;0
29/01/2019 04:30;0
29/01/2019 04:45;0
29/01/2019 05:00;0
29/01/2019 05:15;0
29/01/2019 05:30;0
29/01/2019 05:45;0
29/01/2019 06:00;0
29/01/2019 06:15;0
29/01/2019 06:30;0
29/01/2019 06:45;0
29/01/2019 07:00;0
29/01/2019 07:15;0
29/01/2019 07:30;0
29/01/2019 07:45;0
29/01/2019 08:00;0
29/01/2019 08:15;0
29/01/2019 08:30;12.6
29/01/2019 08:45;64.22
29/01/2019 09:00;58.38
29/01/2019 09:15;92.53
29/01/2019 09:30;118.3
29/01/2019 09:45;174.39
29/01/2019 10:00;274.05
29/01/2019 10:15;310.27
29/01/2019 10:30;384.8
29/01/2019 10:45;497.15
29/01/2019 11:00;587.08
29/01/2019 11:15;684.68
29/01/2019 11:30;752.76
29/01/2019 11:45;776.72
29/01/2019 12:00;951.56
29/01/2019 12:15;1065.29
29/01/2019 12:30;1116.95
29/01/2019 12:45;1131.58
29/01/2019 13:00;1095.77
29/01/2019 13:15;1185.67
29/01/2019 13:30;1176.28
29/01/2019 13:45;983.26
29/01/2019 14:00;938.97
29/01/2019 14:15;847.6
29/01/2019 14:30;726.28
29/01/2019 14:45;642.41
29/01/2019 15:00;585.08
29/01/2019 15:15;514.26
29/01/2019 15:30;431.83
29/01/2019 15:45;340.98
29/01/2019 16:00;278.33
29/01/2019 16:15;215.55
29/01/2019 16:30;153.82
29/01/2019 16:45;83.9
29/01/2019 17:00;30.18
29/01/2019 17:15;86.34
29/01/2019 17:30;0
29/01/2019 17:45;0
29/01/2019 18:00;0
29/01/2019 18:15;0
29/01/2019 18:30;0
29/01/2019 18:45;0
29/01/2019 19:00;0
29/01/2019 19:15;0
29/01/2019 19:30;0
29/01/2019 19:45;0
29/01/2019 20:00;0
29/01/2019 20:15;0
29/01/2019 20:30;0
29/01/2019 20:45;0
29/01/2019 21:00;0
29/01/2019 21:15;0
29/01/2019 21:30;0
29/01/2019 21:45;0
29/01/2019 22:00;0
29/01/2019 22:15;0
29/01/2019 22:30;0
29/01/2019 22:45;0
29/01/2019 23:00;0
29/01/2019 23:15;0
29/01/2019 23:30;0
29/01/2019 23:45;0
30/01/2019 00:00;0
30/01/2019 00:15;0
30/01/2019 00:30;0
30/01/2019 00:45;0
30/01/2019 01:00;0
30/01/2019 01:15;0
30/01/2019 01:30;0
30/01/2019 01:45;0
30/01/2019 02:00;0
30/01/2019 02:15;0
30/01/2019 02:30;0
30/01/2019 02:45;0
30/01/2019 03:00;0
30/01/2019 03:15;0
30/01/2019 03:30;0
30/01/2019 03:45;0
30/01/2019 04:00;0
30/01/2019 04:15;0
30/01/2019 04:30;0
30/01/2019 04:45;0
30/01/2019 05:00;0
30/01/2019 05:15;0
30/01/2019 05:30;0
30/01/2019 05:45;0
30/01/2019 06:00;0
30/01/2019 06:15;0
30/01/2019 06:30;0
30/01/2019 06:45;0
30/01/2019 07:00;0
30/01/2019 07:15;0
30/01/2019 07:30;0
30/01/2019 07:45;0
30/01/2019 08:00;0
30/01/2019 08:15;0
30/01/2019 08:30;3.24
30/01/2019 08:45;6.2
30/01/2019 09:00;13.04
30/01/2019 09:15;26.55
30/01/2019 09:30;37.8
30/01/2019 09:45;46.61
30/01/2019 10:00;59.9
30/01/2019 10:15;65.56
30/01/2019 10:30;87.62
30/01/2019 10:45;92.98
30/01/2019 11:00;111.01
30/01/2019 11:15;116.85
30/01/2019 11:30;119.33
30/01/2019 11:45;131.93
30/01/2019 12:00;136.32
30/01/2019 12:15;144.74
30/01/2019 12:30;137.71
30/01/2019 12:45;165.06
30/01/2019 13:00;157.78
30/01/2019 13:15;155.11
30/01/2019 13:30;171.34
30/01/2019 13:45;156.98
30/01/2019 14:00;159.18
30/01/2019 14:15;156.85
30/01/2019 14:30;148.04
30/01/2019 14:45;148.42
30/01/2019 15:00;141.12
30/01/2019 15:15;122.64
30/01/2019 15:30;111.74
30/01/2019 15:45;87.07
30/01/2019 16:00;75.93
30/01/2019 16:15;66.26
30/01/2019 16:30;64.76
30/01/2019 16:45;63.21
30/01/2019 17:00;35.38
30/01/2019 17:15;8.74
30/01/2019 17:30;0
30/01/2019 17:45;0
30/01/2019 18:00;0
30/01/2019 18:15;0
30/01/2019 18:30;0
30/01/2019 18:45;0
30/01/2019 19:00;0
30/01/2019 19:15;0
30/01/2019 19:30;0
30/01/2019 19:45;0
30/01/2019 20:00;0
30/01/2019 20:15;0
30/01/2019 20:30;0
30/01/2019 20:45;0
30/01/2019 21:00;0
30/01/2019 21:15;0
30/01/2019 21:30;0
30/01/2019 21:45;0
30/01/2019 22:00;0
30/01/2019 22:15;0
30/01/2019 22:30;0
30/01/2019 22:45;0
30/01/2019 23:00;0
30/01/2019 23:15;0
30/01/2019 23:30;0
30/01/2019 23:45;0
31/01/2019 00:00;0
31/01/2019 00:15;0
31/01/2019 00:30;0
31/01/2019 00:45;0
31/01/2019 01:00;0
31/01/2019 01:15;0
31/01/2019 01:30;0
31/01/2019 01:45;0
31/01/2019 02:00;0
31/01/2019 02:15;0
31/01/2019 02:30;0
31/01/2019 02:45;0
31/01/2019 03:00;0
31/01/2019 03:15;0
31/01/2019 03:30;0
31/01/2019 03:45;0
31/01/2019 04:00;0
31/01/2019 04:15;0
31/01/2019 04:30;0
31/01/2019 04:45;0
31/01/2019 05:00;0
31/01/2019 05:15;0
31/01/2019 05:30;0
31/01/2019 05:45;0
31/01/2019 06:00;0
31/01/2019 06:15;0
31/01/2019 06:30;0
31/01/2019 06:45;0
31/01/2019 07:00;0
31/01/2019 07:15;0
31/01/2019 07:30;0
31/01/2019 07:45;0
31/01/2019 08:00;0
31/01/2019 08:15;1.54
31/01/2019 08:30;13.34
31/01/2019 08:45;28.62
31/01/2019 09:00;42.59
31/01/2019 09:15;64.09
31/01/2019 09:30;43.97
31/01/2019 09:45;60.29
31/01/2019 10:00;75.47
31/01/2019 10:15;96.2
31/01/2019 10:30;114.81
31/01/2019 10:45;113.15
31/01/2019 11:00;116.54
31/01/2019 11:15;133.08
31/01/2019 11:30;153.78
31/01/2019 11:45;144.1
31/01/2019 12:00;194.5
31/01/2019 12:15;205.75
31/01/2019 12:30;222.85
31/01/2019 12:45;217.59
31/01/2019 13:00;195.42
31/01/2019 13:15;210.91
31/01/2019 13:30;188.97
31/01/2019 13:45;219.91
31/01/2019 14:00;257.2
31/01/2019 14:15;244.63
31/01/2019 14:30;215.96
31/01/2019 14:45;148.73
31/01/2019 15:00;309.72
31/01/2019 15:15;123.04
31/01/2019 15:30;147.3
31/01/2019 15:45;190.26
31/01/2019 16:00;102.53
31/01/2019 16:15;82.78
31/01/2019 16:30;76.91
31/01/2019 16:45;36.36
31/01/2019 17:00;15.6
31/01/2019 17:15;4.27
31/01/2019 17:30;0.03
31/01/2019 17:45;0
31/01/2019 18:00;0
31/01/2019 18:15;0
31/01/2019 18:30;0
31/01/2019 18:45;0
31/01/2019 19:00;0
31/01/2019 19:15;0
31/01/2019 19:30;0
31/01/2019 19:45;0
31/01/2019 20:00;0
31/01/2019 20:15;0
31/01/2019 20:30;0
31/01/2019 20:45;0
31/01/2019 21:00;0
31/01/2019 21:15;0
31/01/2019 21:30;0
31/01/2019 21:45;0
31/01/2019 22:00;0
31/01/2019 22:15;0
31/01/2019 22:30;0
31/01/2019 22:45;0
31/01/2019 23:00;0
31/01/2019 23:15;0
31/01/2019 23:30;0
31/01/2019 23:45;0
